,annotator_3,annotator_2,annotator_1
GT_preferred,9.0,5.0,9.0
FT_preferred,0.0,0.0,1.0
ICL_preferred,6.0,14.0,4.0
model-model tie,0.0,0.0,2.0
human-model tie,5.0,1.0,4.0
GT_win_rate,0.6,0.2631578947368421,0.6428571428571429
FT_win_rate,0.0,0.0,0.07142857142857142
ICL_win_rate,0.4,0.7368421052631579,0.2857142857142857
