{
    "all": {
        "rouge1": 0.4796480623097659,
        "rouge2": 0.22404080408790886,
        "rougeL": 0.41126789304708566,
        "rougeLsum": 0.41126789304708566,
        "bertscore_precision": 0.7588709652423858,
        "bertscore_recall": 0.7327909097075462,
        "bertscore_f1": 0.7427755650877953,
        "bleurt": 0.5756352399289608
    },
    "dataset-0": {
        "rouge1": 0.4796480623097659,
        "rouge2": 0.22404080408790886,
        "rougeL": 0.41126789304708566,
        "rougeLsum": 0.41126789304708566,
        "bertscore_precision": 0.7588709652423858,
        "bertscore_recall": 0.7327909097075462,
        "bertscore_f1": 0.7427755650877953,
        "bleurt": 0.5756352399289608
    }
}