{
    "all": {
        "rouge1": 0.4014720711315776,
        "rouge2": 0.154830808994734,
        "rougeL": 0.3342660160184128,
        "rougeLsum": 0.3342660160184128,
        "bertscore_precision": 0.7300345227122307,
        "bertscore_recall": 0.6885578981041909,
        "bertscore_f1": 0.7051509657502174,
        "bleurt": 0.5271600452065468
    },
    "dataset-0": {
        "rouge1": 0.4014720711315776,
        "rouge2": 0.154830808994734,
        "rougeL": 0.3342660160184128,
        "rougeLsum": 0.3342660160184128,
        "bertscore_precision": 0.7300345227122307,
        "bertscore_recall": 0.6885578981041909,
        "bertscore_f1": 0.7051509657502174,
        "bleurt": 0.5271600452065468
    }
}