{
    "all": {
        "rouge1": 0.4983982342700196,
        "rouge2": 0.22632221809493097,
        "rougeL": 0.42327867062174834,
        "rougeLsum": 0.42327867062174834,
        "bertscore_precision": 0.766682733297348,
        "bertscore_recall": 0.7321600869297982,
        "bertscore_f1": 0.7453609219193459,
        "bleurt": 0.5795444335788489
    },
    "dataset-0": {
        "rouge1": 0.4983982342700196,
        "rouge2": 0.22632221809493097,
        "rougeL": 0.42327867062174834,
        "rougeLsum": 0.42327867062174834,
        "bertscore_precision": 0.766682733297348,
        "bertscore_recall": 0.7321600869297982,
        "bertscore_f1": 0.7453609219193459,
        "bleurt": 0.5795444335788489
    }
}